[{"model": "admin.logentry", "pk": 1, "fields": {"action_time": "2021-04-15T18:37:00.863Z", "user": 1, "content_type": 8, "object_id": "2", "object_repr": "erfan", "action_flag": 1, "change_message": "[{\"added\": {}}]"}}, {"model": "admin.logentry", "pk": 2, "fields": {"action_time": "2021-04-15T18:38:10.544Z", "user": 1, "content_type": 8, "object_id": "3", "object_repr": "ali", "action_flag": 1, "change_message": "[{\"added\": {}}]"}}, {"model": "admin.logentry", "pk": 3, "fields": {"action_time": "2021-04-23T09:03:42.613Z", "user": 1, "content_type": 9, "object_id": "1", "object_repr": "Category object (1)", "action_flag": 1, "change_message": "[{\"added\": {}}]"}}, {"model": "admin.logentry", "pk": 4, "fields": {"action_time": "2021-04-23T09:04:09.549Z", "user": 1, "content_type": 9, "object_id": "2", "object_repr": "Category object (2)", "action_flag": 1, "change_message": "[{\"added\": {}}]"}}, {"model": "admin.logentry", "pk": 5, "fields": {"action_time": "2021-04-23T09:04:34.882Z", "user": 1, "content_type": 9, "object_id": "3", "object_repr": "Category object (3)", "action_flag": 1, "change_message": "[{\"added\": {}}]"}}, {"model": "admin.logentry", "pk": 6, "fields": {"action_time": "2021-04-23T09:04:52.272Z", "user": 1, "content_type": 9, "object_id": "4", "object_repr": "Category object (4)", "action_flag": 1, "change_message": "[{\"added\": {}}]"}}, {"model": "admin.logentry", "pk": 7, "fields": {"action_time": "2021-04-23T09:05:05.857Z", "user": 1, "content_type": 9, "object_id": "5", "object_repr": "Category object (5)", "action_flag": 1, "change_message": "[{\"added\": {}}]"}}, {"model": "admin.logentry", "pk": 8, "fields": {"action_time": "2021-04-23T09:05:24.200Z", "user": 1, "content_type": 9, "object_id": "6", "object_repr": "Category object (6)", "action_flag": 1, "change_message": "[{\"added\": {}}]"}}, {"model": "admin.logentry", "pk": 9, "fields": {"action_time": "2021-04-23T09:12:57.694Z", "user": 1, "content_type": 11, "object_id": "1", "object_repr": "Post object (1)", "action_flag": 1, "change_message": "[{\"added\": {}}]"}}, {"model": "admin.logentry", "pk": 10, "fields": {"action_time": "2021-04-23T09:28:38.813Z", "user": 1, "content_type": 11, "object_id": "2", "object_repr": "Post object (2)", "action_flag": 1, "change_message": "[{\"added\": {}}]"}}, {"model": "admin.logentry", "pk": 11, "fields": {"action_time": "2021-04-23T09:31:04.575Z", "user": 1, "content_type": 11, "object_id": "3", "object_repr": "Post object (3)", "action_flag": 1, "change_message": "[{\"added\": {}}]"}}, {"model": "admin.logentry", "pk": 12, "fields": {"action_time": "2021-04-23T09:33:23.860Z", "user": 1, "content_type": 11, "object_id": "4", "object_repr": "Post object (4)", "action_flag": 1, "change_message": "[{\"added\": {}}]"}}, {"model": "admin.logentry", "pk": 13, "fields": {"action_time": "2021-04-23T09:55:48.292Z", "user": 1, "content_type": 11, "object_id": "5", "object_repr": "Post object (5)", "action_flag": 1, "change_message": "[{\"added\": {}}]"}}, {"model": "admin.logentry", "pk": 14, "fields": {"action_time": "2021-04-23T09:56:41.154Z", "user": 1, "content_type": 11, "object_id": "6", "object_repr": "Post object (6)", "action_flag": 1, "change_message": "[{\"added\": {}}]"}}, {"model": "admin.logentry", "pk": 15, "fields": {"action_time": "2021-04-23T09:58:54.360Z", "user": 1, "content_type": 11, "object_id": "7", "object_repr": "Post object (7)", "action_flag": 1, "change_message": "[{\"added\": {}}]"}}, {"model": "admin.logentry", "pk": 16, "fields": {"action_time": "2021-04-23T09:59:22.844Z", "user": 1, "content_type": 11, "object_id": "8", "object_repr": "Post object (8)", "action_flag": 1, "change_message": "[{\"added\": {}}]"}}, {"model": "admin.logentry", "pk": 17, "fields": {"action_time": "2021-04-23T10:04:22.130Z", "user": 1, "content_type": 11, "object_id": "9", "object_repr": "Post object (9)", "action_flag": 1, "change_message": "[{\"added\": {}}]"}}, {"model": "admin.logentry", "pk": 18, "fields": {"action_time": "2021-04-23T10:05:21.114Z", "user": 1, "content_type": 11, "object_id": "10", "object_repr": "Post object (10)", "action_flag": 1, "change_message": "[{\"added\": {}}]"}}, {"model": "admin.logentry", "pk": 19, "fields": {"action_time": "2021-04-23T10:05:53.043Z", "user": 1, "content_type": 11, "object_id": "11", "object_repr": "Post object (11)", "action_flag": 1, "change_message": "[{\"added\": {}}]"}}, {"model": "admin.logentry", "pk": 20, "fields": {"action_time": "2021-04-23T10:06:28.342Z", "user": 1, "content_type": 11, "object_id": "12", "object_repr": "Post object (12)", "action_flag": 1, "change_message": "[{\"added\": {}}]"}}, {"model": "admin.logentry", "pk": 21, "fields": {"action_time": "2021-04-23T10:12:13.896Z", "user": 1, "content_type": 11, "object_id": "13", "object_repr": "Post object (13)", "action_flag": 1, "change_message": "[{\"added\": {}}]"}}, {"model": "admin.logentry", "pk": 22, "fields": {"action_time": "2021-04-23T10:13:16.933Z", "user": 1, "content_type": 11, "object_id": "14", "object_repr": "Post object (14)", "action_flag": 1, "change_message": "[{\"added\": {}}]"}}, {"model": "admin.logentry", "pk": 23, "fields": {"action_time": "2021-04-23T10:14:41.025Z", "user": 1, "content_type": 11, "object_id": "15", "object_repr": "Post object (15)", "action_flag": 1, "change_message": "[{\"added\": {}}]"}}, {"model": "admin.logentry", "pk": 24, "fields": {"action_time": "2021-04-23T10:15:57.594Z", "user": 1, "content_type": 11, "object_id": "16", "object_repr": "Post object (16)", "action_flag": 1, "change_message": "[{\"added\": {}}]"}}, {"model": "admin.logentry", "pk": 25, "fields": {"action_time": "2021-04-23T10:20:25.237Z", "user": 1, "content_type": 11, "object_id": "17", "object_repr": "Post object (17)", "action_flag": 1, "change_message": "[{\"added\": {}}]"}}, {"model": "admin.logentry", "pk": 26, "fields": {"action_time": "2021-04-23T10:21:18.392Z", "user": 1, "content_type": 11, "object_id": "18", "object_repr": "Post object (18)", "action_flag": 1, "change_message": "[{\"added\": {}}]"}}, {"model": "admin.logentry", "pk": 27, "fields": {"action_time": "2021-04-23T10:22:00.807Z", "user": 1, "content_type": 11, "object_id": "19", "object_repr": "Post object (19)", "action_flag": 1, "change_message": "[{\"added\": {}}]"}}, {"model": "admin.logentry", "pk": 28, "fields": {"action_time": "2021-04-23T10:22:30.058Z", "user": 1, "content_type": 11, "object_id": "20", "object_repr": "Post object (20)", "action_flag": 1, "change_message": "[{\"added\": {}}]"}}, {"model": "admin.logentry", "pk": 29, "fields": {"action_time": "2021-04-23T10:23:27.230Z", "user": 1, "content_type": 11, "object_id": "21", "object_repr": "Post object (21)", "action_flag": 1, "change_message": "[{\"added\": {}}]"}}, {"model": "admin.logentry", "pk": 30, "fields": {"action_time": "2021-04-23T10:24:50.720Z", "user": 1, "content_type": 11, "object_id": "21", "object_repr": "Post object (21)", "action_flag": 2, "change_message": "[{\"changed\": {\"fields\": [\"Title\"]}}]"}}, {"model": "admin.logentry", "pk": 31, "fields": {"action_time": "2021-04-23T10:25:54.114Z", "user": 1, "content_type": 11, "object_id": "22", "object_repr": "Post object (22)", "action_flag": 1, "change_message": "[{\"added\": {}}]"}}, {"model": "admin.logentry", "pk": 32, "fields": {"action_time": "2021-04-23T10:27:32.791Z", "user": 1, "content_type": 11, "object_id": "23", "object_repr": "Post object (23)", "action_flag": 1, "change_message": "[{\"added\": {}}]"}}, {"model": "admin.logentry", "pk": 33, "fields": {"action_time": "2021-04-23T10:28:01.829Z", "user": 1, "content_type": 11, "object_id": "24", "object_repr": "Post object (24)", "action_flag": 1, "change_message": "[{\"added\": {}}]"}}, {"model": "admin.logentry", "pk": 34, "fields": {"action_time": "2021-04-23T10:32:59.423Z", "user": 1, "content_type": 9, "object_id": "2", "object_repr": "Category object (2)", "action_flag": 2, "change_message": "[{\"changed\": {\"fields\": [\"Image\"]}}]"}}, {"model": "admin.logentry", "pk": 35, "fields": {"action_time": "2021-04-23T10:37:06.219Z", "user": 1, "content_type": 9, "object_id": "3", "object_repr": "Category object (3)", "action_flag": 2, "change_message": "[{\"changed\": {\"fields\": [\"Image\"]}}]"}}, {"model": "admin.logentry", "pk": 36, "fields": {"action_time": "2021-04-23T10:38:37.139Z", "user": 1, "content_type": 9, "object_id": "4", "object_repr": "Category object (4)", "action_flag": 2, "change_message": "[{\"changed\": {\"fields\": [\"Image\"]}}]"}}, {"model": "admin.logentry", "pk": 37, "fields": {"action_time": "2021-04-23T10:41:39.089Z", "user": 1, "content_type": 9, "object_id": "5", "object_repr": "Category object (5)", "action_flag": 2, "change_message": "[{\"changed\": {\"fields\": [\"Image\"]}}]"}}, {"model": "admin.logentry", "pk": 38, "fields": {"action_time": "2021-04-23T10:42:37.790Z", "user": 1, "content_type": 9, "object_id": "4", "object_repr": "Category object (4)", "action_flag": 2, "change_message": "[{\"changed\": {\"fields\": [\"Image\"]}}]"}}, {"model": "admin.logentry", "pk": 39, "fields": {"action_time": "2021-04-23T10:49:29.337Z", "user": 1, "content_type": 9, "object_id": "6", "object_repr": "Category object (6)", "action_flag": 2, "change_message": "[{\"changed\": {\"fields\": [\"Image\"]}}]"}}, {"model": "admin.logentry", "pk": 40, "fields": {"action_time": "2021-04-23T16:53:18.419Z", "user": 1, "content_type": 10, "object_id": "1", "object_repr": "Video object (1)", "action_flag": 1, "change_message": "[{\"added\": {}}]"}}, {"model": "admin.logentry", "pk": 41, "fields": {"action_time": "2021-04-23T16:56:18.380Z", "user": 1, "content_type": 10, "object_id": "2", "object_repr": "Video object (2)", "action_flag": 1, "change_message": "[{\"added\": {}}]"}}, {"model": "admin.logentry", "pk": 42, "fields": {"action_time": "2021-04-23T16:59:14.069Z", "user": 1, "content_type": 10, "object_id": "3", "object_repr": "Video object (3)", "action_flag": 1, "change_message": "[{\"added\": {}}]"}}, {"model": "admin.logentry", "pk": 43, "fields": {"action_time": "2021-04-23T17:01:10.320Z", "user": 1, "content_type": 10, "object_id": "4", "object_repr": "Video object (4)", "action_flag": 1, "change_message": "[{\"added\": {}}]"}}, {"model": "admin.logentry", "pk": 44, "fields": {"action_time": "2021-04-23T17:02:45.170Z", "user": 1, "content_type": 10, "object_id": "5", "object_repr": "Video object (5)", "action_flag": 1, "change_message": "[{\"added\": {}}]"}}, {"model": "admin.logentry", "pk": 45, "fields": {"action_time": "2021-04-23T17:03:57.101Z", "user": 1, "content_type": 10, "object_id": "6", "object_repr": "Video object (6)", "action_flag": 1, "change_message": "[{\"added\": {}}]"}}, {"model": "admin.logentry", "pk": 46, "fields": {"action_time": "2021-06-09T15:33:37.700Z", "user": 1, "content_type": 8, "object_id": "10", "object_repr": "jugbear", "action_flag": 2, "change_message": "[{\"changed\": {\"fields\": [\"Staff status\"]}}]"}}, {"model": "admin.logentry", "pk": 47, "fields": {"action_time": "2021-06-09T15:34:23.109Z", "user": 1, "content_type": 8, "object_id": "10", "object_repr": "jugbear", "action_flag": 2, "change_message": "[]"}}, {"model": "admin.logentry", "pk": 48, "fields": {"action_time": "2021-06-09T15:34:50.547Z", "user": 1, "content_type": 8, "object_id": "10", "object_repr": "jugbear", "action_flag": 2, "change_message": "[{\"changed\": {\"fields\": [\"Password\"]}}]"}}, {"model": "auth.permission", "pk": 1, "fields": {"name": "Can add log entry", "content_type": 1, "codename": "add_logentry"}}, {"model": "auth.permission", "pk": 2, "fields": {"name": "Can change log entry", "content_type": 1, "codename": "change_logentry"}}, {"model": "auth.permission", "pk": 3, "fields": {"name": "Can delete log entry", "content_type": 1, "codename": "delete_logentry"}}, {"model": "auth.permission", "pk": 4, "fields": {"name": "Can view log entry", "content_type": 1, "codename": "view_logentry"}}, {"model": "auth.permission", "pk": 5, "fields": {"name": "Can add permission", "content_type": 2, "codename": "add_permission"}}, {"model": "auth.permission", "pk": 6, "fields": {"name": "Can change permission", "content_type": 2, "codename": "change_permission"}}, {"model": "auth.permission", "pk": 7, "fields": {"name": "Can delete permission", "content_type": 2, "codename": "delete_permission"}}, {"model": "auth.permission", "pk": 8, "fields": {"name": "Can view permission", "content_type": 2, "codename": "view_permission"}}, {"model": "auth.permission", "pk": 9, "fields": {"name": "Can add group", "content_type": 3, "codename": "add_group"}}, {"model": "auth.permission", "pk": 10, "fields": {"name": "Can change group", "content_type": 3, "codename": "change_group"}}, {"model": "auth.permission", "pk": 11, "fields": {"name": "Can delete group", "content_type": 3, "codename": "delete_group"}}, {"model": "auth.permission", "pk": 12, "fields": {"name": "Can view group", "content_type": 3, "codename": "view_group"}}, {"model": "auth.permission", "pk": 13, "fields": {"name": "Can add content type", "content_type": 4, "codename": "add_contenttype"}}, {"model": "auth.permission", "pk": 14, "fields": {"name": "Can change content type", "content_type": 4, "codename": "change_contenttype"}}, {"model": "auth.permission", "pk": 15, "fields": {"name": "Can delete content type", "content_type": 4, "codename": "delete_contenttype"}}, {"model": "auth.permission", "pk": 16, "fields": {"name": "Can view content type", "content_type": 4, "codename": "view_contenttype"}}, {"model": "auth.permission", "pk": 17, "fields": {"name": "Can add session", "content_type": 5, "codename": "add_session"}}, {"model": "auth.permission", "pk": 18, "fields": {"name": "Can change session", "content_type": 5, "codename": "change_session"}}, {"model": "auth.permission", "pk": 19, "fields": {"name": "Can delete session", "content_type": 5, "codename": "delete_session"}}, {"model": "auth.permission", "pk": 20, "fields": {"name": "Can view session", "content_type": 5, "codename": "view_session"}}, {"model": "auth.permission", "pk": 21, "fields": {"name": "Can add Token", "content_type": 6, "codename": "add_token"}}, {"model": "auth.permission", "pk": 22, "fields": {"name": "Can change Token", "content_type": 6, "codename": "change_token"}}, {"model": "auth.permission", "pk": 23, "fields": {"name": "Can delete Token", "content_type": 6, "codename": "delete_token"}}, {"model": "auth.permission", "pk": 24, "fields": {"name": "Can view Token", "content_type": 6, "codename": "view_token"}}, {"model": "auth.permission", "pk": 25, "fields": {"name": "Can add token", "content_type": 7, "codename": "add_tokenproxy"}}, {"model": "auth.permission", "pk": 26, "fields": {"name": "Can change token", "content_type": 7, "codename": "change_tokenproxy"}}, {"model": "auth.permission", "pk": 27, "fields": {"name": "Can delete token", "content_type": 7, "codename": "delete_tokenproxy"}}, {"model": "auth.permission", "pk": 28, "fields": {"name": "Can view token", "content_type": 7, "codename": "view_tokenproxy"}}, {"model": "auth.permission", "pk": 29, "fields": {"name": "Can add user", "content_type": 8, "codename": "add_user"}}, {"model": "auth.permission", "pk": 30, "fields": {"name": "Can change user", "content_type": 8, "codename": "change_user"}}, {"model": "auth.permission", "pk": 31, "fields": {"name": "Can delete user", "content_type": 8, "codename": "delete_user"}}, {"model": "auth.permission", "pk": 32, "fields": {"name": "Can view user", "content_type": 8, "codename": "view_user"}}, {"model": "auth.permission", "pk": 33, "fields": {"name": "Can add category", "content_type": 9, "codename": "add_category"}}, {"model": "auth.permission", "pk": 34, "fields": {"name": "Can change category", "content_type": 9, "codename": "change_category"}}, {"model": "auth.permission", "pk": 35, "fields": {"name": "Can delete category", "content_type": 9, "codename": "delete_category"}}, {"model": "auth.permission", "pk": 36, "fields": {"name": "Can view category", "content_type": 9, "codename": "view_category"}}, {"model": "auth.permission", "pk": 37, "fields": {"name": "Can add video", "content_type": 10, "codename": "add_video"}}, {"model": "auth.permission", "pk": 38, "fields": {"name": "Can change video", "content_type": 10, "codename": "change_video"}}, {"model": "auth.permission", "pk": 39, "fields": {"name": "Can delete video", "content_type": 10, "codename": "delete_video"}}, {"model": "auth.permission", "pk": 40, "fields": {"name": "Can view video", "content_type": 10, "codename": "view_video"}}, {"model": "auth.permission", "pk": 41, "fields": {"name": "Can add post", "content_type": 11, "codename": "add_post"}}, {"model": "auth.permission", "pk": 42, "fields": {"name": "Can change post", "content_type": 11, "codename": "change_post"}}, {"model": "auth.permission", "pk": 43, "fields": {"name": "Can delete post", "content_type": 11, "codename": "delete_post"}}, {"model": "auth.permission", "pk": 44, "fields": {"name": "Can view post", "content_type": 11, "codename": "view_post"}}, {"model": "contenttypes.contenttype", "pk": 1, "fields": {"app_label": "admin", "model": "logentry"}}, {"model": "contenttypes.contenttype", "pk": 2, "fields": {"app_label": "auth", "model": "permission"}}, {"model": "contenttypes.contenttype", "pk": 3, "fields": {"app_label": "auth", "model": "group"}}, {"model": "contenttypes.contenttype", "pk": 4, "fields": {"app_label": "contenttypes", "model": "contenttype"}}, {"model": "contenttypes.contenttype", "pk": 5, "fields": {"app_label": "sessions", "model": "session"}}, {"model": "contenttypes.contenttype", "pk": 6, "fields": {"app_label": "authtoken", "model": "token"}}, {"model": "contenttypes.contenttype", "pk": 7, "fields": {"app_label": "authtoken", "model": "tokenproxy"}}, {"model": "contenttypes.contenttype", "pk": 8, "fields": {"app_label": "main", "model": "user"}}, {"model": "contenttypes.contenttype", "pk": 9, "fields": {"app_label": "main", "model": "category"}}, {"model": "contenttypes.contenttype", "pk": 10, "fields": {"app_label": "main", "model": "video"}}, {"model": "contenttypes.contenttype", "pk": 11, "fields": {"app_label": "main", "model": "post"}}, {"model": "sessions.session", "pk": "fbc9ai8uorsb32q875j8zj60f6wj7293", "fields": {"session_data": ".eJxVjDsOAiEUAO9CbYj8wdLeM5AH7yGrBpJltzLe3ZBsoe3MZN4swr7VuA9a44LswgQ7_bIE-UltCnxAu3eee9vWJfGZ8MMOfutIr-vR_g0qjDq33heDVpYz-iSDEECCyGQfkkVpKXtSApTTNiRyDor2AXNQpI2ySjv2-QLo5jfE:1lX6qa:fbVPL9onsnjnncT_bGCOugnmTFCKZjOv_EDr6cyJKjE", "expire_date": "2021-04-29T18:36:12.789Z"}}, {"model": "sessions.session", "pk": "y2te44lu2qw3za1h28pdav297kf0x38t", "fields": {"session_data": ".eJxVjDsOAiEUAO9CbYj8wdLeM5AH7yGrBpJltzLe3ZBsoe3MZN4swr7VuA9a44LswgQ7_bIE-UltCnxAu3eee9vWJfGZ8MMOfutIr-vR_g0qjDq33heDVpYz-iSDEECCyGQfkkVpKXtSApTTNiRyDor2AXNQpI2ySjv2-QLo5jfE:1lr073:sMmiMga1rn7Iz21dqgkJMpG0uok8doS7wrsNNCRfdWM", "expire_date": "2021-06-23T15:27:25.508Z"}}, {"model": "authtoken.token", "pk": "3354a287ac1242728963c98582d0bc386074daf4", "fields": {"user": 10, "created": "2021-06-09T15:34:54.258Z"}}, {"model": "authtoken.token", "pk": "54fdd7279e7b57548d0726d400e9467f443500e9", "fields": {"user": 7, "created": "2021-04-16T12:21:13.648Z"}}, {"model": "authtoken.token", "pk": "b632d8db61e8d8e11bd06618c8abffddf5b8df30", "fields": {"user": 4, "created": "2021-04-15T18:39:30.058Z"}}, {"model": "authtoken.token", "pk": "d8fd43af18e5a3d20602ce5a8236d2948861a2ca", "fields": {"user": 5, "created": "2021-04-15T18:56:30.720Z"}}, {"model": "authtoken.token", "pk": "df7b1cb346b700a9a14357adafba64e2751136bf", "fields": {"user": 1, "created": "2021-05-16T10:00:41.635Z"}}, {"model": "authtoken.token", "pk": "e7957fb29bc2bf2a19b4c1bf88acacfaa236562b", "fields": {"user": 6, "created": "2021-04-15T20:17:50.439Z"}}, {"model": "main.user", "pk": 1, "fields": {"password": "pbkdf2_sha256$216000$tmBw4wT2uZa0$z8kHNBqJL6OO4anl/VIU6yyKGaZW2AWQWRpc3ielHG8=", "last_login": "2021-06-09T15:27:25.498Z", "is_superuser": true, "username": "1", "first_name": "", "last_name": "", "email": "", "is_staff": true, "is_active": true, "date_joined": "2021-04-15T18:34:56.280Z", "StudentCode": null, "groups": [], "user_permissions": []}}, {"model": "main.user", "pk": 2, "fields": {"password": "asiadl1544!@#", "last_login": null, "is_superuser": false, "username": "erfan", "first_name": "", "last_name": "", "email": "", "is_staff": false, "is_active": true, "date_joined": "2021-04-15T18:36:30Z", "StudentCode": "98111033302028", "groups": [], "user_permissions": []}}, {"model": "main.user", "pk": 3, "fields": {"password": "AsiaDl1544!@#", "last_login": null, "is_superuser": false, "username": "ali", "first_name": "", "last_name": "", "email": "", "is_staff": false, "is_active": true, "date_joined": "2021-04-15T18:37:57Z", "StudentCode": "98111033302027", "groups": [], "user_permissions": []}}, {"model": "main.user", "pk": 4, "fields": {"password": "pbkdf2_sha256$216000$HBjZ8XWvbsZG$UtWV/8yDh4QOgkS53NWhSkjtZ0IhDbIKMepTNuYAdJg=", "last_login": null, "is_superuser": false, "username": "alir", "first_name": "علی", "last_name": "رضایی", "email": "", "is_staff": false, "is_active": true, "date_joined": "2021-04-15T18:39:30.033Z", "StudentCode": null, "groups": [], "user_permissions": []}}, {"model": "main.user", "pk": 5, "fields": {"password": "pbkdf2_sha256$216000$uWlwd7Zu2nMC$B3ZCV4aeEEdinxV1PDY/8VvPYHYGEGWAoWEFfJw+AHA=", "last_login": null, "is_superuser": false, "username": "parham", "first_name": "پرهام", "last_name": "مبشری", "email": "", "is_staff": false, "is_active": true, "date_joined": "2021-04-15T18:56:30.696Z", "StudentCode": "98111033302020", "groups": [], "user_permissions": []}}, {"model": "main.user", "pk": 6, "fields": {"password": "pbkdf2_sha256$216000$uUrD1AHzY4Rb$xfnAoUvtReKinUkRbUBlz1do0M64wsybOHU69avraPA=", "last_login": null, "is_superuser": false, "username": "hamid2", "first_name": "حمید", "last_name": "حسینی", "email": "", "is_staff": false, "is_active": true, "date_joined": "2021-04-15T20:17:50.379Z", "StudentCode": "98111033302023", "groups": [], "user_permissions": []}}, {"model": "main.user", "pk": 7, "fields": {"password": "1234", "last_login": null, "is_superuser": false, "username": "yasin", "first_name": "محمد", "last_name": "محمدی", "email": "", "is_staff": false, "is_active": true, "date_joined": "2021-04-16T12:21:13.314Z", "StudentCode": "98111033302028", "groups": [], "user_permissions": []}}, {"model": "main.user", "pk": 9, "fields": {"password": "12345", "last_login": null, "is_superuser": false, "username": "hashem", "first_name": "هاشم", "last_name": "هاشمی", "email": "hashem@gmail.com", "is_staff": false, "is_active": true, "date_joined": "2021-05-16T09:10:17.035Z", "StudentCode": null, "groups": [], "user_permissions": []}}, {"model": "main.user", "pk": 10, "fields": {"password": "pbkdf2_sha256$216000$tmBw4wT2uZa0$z8kHNBqJL6OO4anl/VIU6yyKGaZW2AWQWRpc3ielHG8=", "last_login": null, "is_superuser": true, "username": "jugbear", "first_name": "عرفان", "last_name": "مبشری پور", "email": "webmaster.usa79@gmail.com", "is_staff": true, "is_active": true, "date_joined": "2021-06-09T15:33:02Z", "StudentCode": null, "groups": [], "user_permissions": []}}, {"model": "main.category", "pk": 1, "fields": {"name": "آموزش مجازی", "image": "programming_5Ttw8N5.png"}}, {"model": "main.category", "pk": 2, "fields": {"name": "اخبار فناوری", "image": "IT_yWG3qXK.png"}}, {"model": "main.category", "pk": 3, "fields": {"name": "اطلاعیه ها", "image": "notification-svgrepo-com.png"}}, {"model": "main.category", "pk": 4, "fields": {"name": "اخبار دانشکده", "image": "bf9afdf27dcf2833408ffbdf8b18f148.png"}}, {"model": "main.category", "pk": 5, "fields": {"name": "پژوهش و فناوری", "image": "research-svgrepo-com.png"}}, {"model": "main.category", "pk": 6, "fields": {"name": "رویداد ها", "image": "calendar-svgrepo-com.png"}}, {"model": "main.post", "pk": 1, "fields": {"title": "نحوه ارزشیابی دروس نظری نیمسال دوم", "content": "به گزارش خبرنگار مهر، با توجه به نظام آموزشی دانشگاه پیام نور مبتنی بر آموزش‌های ترکیبی و ادامه شرایط خاص ناشی از بیماری کووید ۱۹ و به منظور ارتقای کیفیت ارزشیابی دروس و صیانت از سلامت اعضای هیأت علمی، غیر هیأت علمی و دانشجویان دانشگاه، ارزشیابی دروس نظری در نیمسال دوم مبتنی بر دستورالعمل اجرایی برگزار می‌شود.  بر اساس این دستورالعمل، کلیه ارزشیابی‌های دروس نظری نیمسال تحصیلی جاری در بازه زمانی ابلاغ شده در برنامه امتحانات و منطبق با جدول زمان بندی و تاریخ از قبل تعیین شده، برگزار می‌شود و عدم شرکت دانشجو در ارزشیابی در تاریخ و ساعت اعلام شده، به منزله غیبت در جلسه امتحان است.", "cover": "Best-Virtual-Classrom-Software_feature.png", "category": 1, "author": 2, "create": "2021-04-23T09:12:57.691Z", "modify": "2021-04-23T09:12:57.691Z"}}, {"model": "main.post", "pk": 2, "fields": {"title": "همایش دانشگاه هوشمند و مرجعیت علمی برگزار می شود", "content": "از محورهای اصلی این همایش می توان به دانشگاه هوشمند در مسیر مرجعیت علمی، مدیریت دانشگاه هوشمند و نیل به مرجعیت علمی، چالش های هوشمند سازی در آموزش عالی سلامت، توسعه اعضای هیات علمی در دانشگاه هوشمند، بیمارستان آموزشی مجازی هوشمند و نیل به مرجعیت علمی، آموزش هوشمند و راهبردهای یادگیری هوشمند در  دانشگاه هوشمند و ارتقاء رتبه بین اللملی دانشگاهها جهت نیل به مرجعیت علمی اشاره کرد.  این همایش با مشارکت دانشگاه علوم پزشکی شهید بهشتی در تاریخ هفدهم اسفند ماه سالجاری از ساعت ۱۵-۱۷ به صورت وبیناری برگزار می شود.", "cover": "1371256108415.jpg", "category": 1, "author": 2, "create": "2021-04-23T09:28:38.798Z", "modify": "2021-04-23T09:28:38.798Z"}}, {"model": "main.post", "pk": 3, "fields": {"title": "کلاس های تلفیقی حضوری-مجازی راه اندازی شد", "content": "شجاع احمدوند در گفتگو با خبرنگار مهر با بیان اینکه دانشجویان از شیوه آموزش مجازی خسته شده‌اند، گفت: در همین زمینه در ترم اخیر به اساتید توصیه کردیم با وب کم های روشن یا با ارائه پاورپوینت و ویدئو کلاس‌هایشان را ارائه دهند اما هنوز هستند تعدادی از اساتید که از طریق صوت کلاس برگزار می‌کنند و به این دلیل که دانشجو استاد را نمی بیند، این فضا برای او کسل کننده شده است.", "cover": "virtual_training.jpg", "category": 1, "author": 2, "create": "2021-04-23T09:31:04.572Z", "modify": "2021-04-23T09:31:04.572Z"}}, {"model": "main.post", "pk": 4, "fields": {"title": "دروسی که آموزش مجازی آنها را به حاشیه بیشتر برد", "content": "به گزارش خبرنگار مهر، در روزگاری که مدارس دایر بودند دروسی بودند که سهم ساعت آموزشی خود را به تقویت دیگر دروس می دادند. شاید زنگ تربیت بدنی که بارها به کلاس ریاضی و علوم و… تخصیص داده شده بود سرآمد این درس ها باشد که از قدیم محصلان از تعطیلی این درس برای برگزاری کلاس جبرانی دیگر دروس خاطره دارند؛ هر چند در سال های اخیر معاونت تربیت بدنی به صورت جدی تری پیگیر این بود که کمتر چنین اتفاقی بی افتد اما واقعیت این است که در هر پایه تحصیلی دو یا سه درس هستند که گل سرسبد آموزش های مدرسه می شوند و از دیرباز دروسی مثل تربیت بدنی یا هنر و حرفه و فناوری و حتی تاریخ و جغرافیا (در متوسطه اول) آموزش های درجه دوم اهمیت هستند. بعدتر با ورود دروسی که قرار بود به مهارت های زندگی بپردازند مثل تفکر و سبک زندگی، تفکر و سواد رسانه‌ای، کارگاه کارآفرینی و تولید، انسان و محیط زیست و… قرار بود مدرسه جایی بیش از آموزش محفوظات باشد اما یا کرونا که آموزش به بستر مجازی رفته است عملاً شاهد این هستیم آن داستان کتاب های درجه یک و دو حالا یک سری سومی هم دارد که هیچ جایی در آموزش ها پیدا نمی کند.", "cover": "3465687.jpg", "category": 1, "author": 2, "create": "2021-04-23T09:33:23.820Z", "modify": "2021-04-23T09:33:23.820Z"}}, {"model": "main.post", "pk": 5, "fields": {"title": "قیمت بیت کوین در سرازیری سقوط", "content": "بیت کوین، این رمز ارز محبوب که روزهای طلایی و اوج قیمت خود را سپری می‌کرد‌، اکنون روزهای پرتلاطمی را سپری می‌کند. ظرف۱۲ ساعت گذشته قیمت بیت کوین با سقوط ۱۰ درصدی در ساعاتی به کمتر از ۴۵ هزار دلار نیز رسید.  با وجودی که اواخر فروردین‌ماه قیمت بیت کوین حتی از مرز ۶۵ هزار دلار نیز در برخی صرافی‌ها عبور کرد،‌ اما این روزها قیمت این ارز دیجیتال جنجالی دستخوش اصلاح شده است. نمودار قیمت این رمزارز محبوب از سقوط قیمت ۲۰ درصدی در عرض یک ساعت نیز خبر می‌دهد.", "cover": "isometric-cryptocurrency-concept-with-bitcoins-people-mining-3d-vector-illustration_1284-29932.jpg", "category": 2, "author": 2, "create": "2021-04-23T09:55:48.287Z", "modify": "2021-04-23T09:55:48.288Z"}}, {"model": "main.post", "pk": 6, "fields": {"title": "تغییر ساعت زیستی بدن با تکنلوژی های جدید", "content": "فناوری توانسته ساعت زیستی بدن را تغییر دهد. این تغییر معمولا از طریق تماشای نمایشگرها قبل از خواب انجام میگیرد. محققان می گویند تماشای نمایشگرها که بخشی از تکنولوژی را تشکیل می دهند باعث بهم ریختن ساعت زیستی بدن خواهد شد.  به گزارش سرویس اخبار فناوری تکنا، فناوری های امروزی بخش جدایی ناپذیری از زندگی ما را تشکیل داده اند. اما این فناوری ها توانسته اند آثار نخربی نیز بر روند زندگی داشته باشند. محققان معتقدند استفاده از فناوری بخصوص نمایشگرها قبل از خواب باعث بهم ریختن ساعت زیستی بدن شده و شخص دیرتر از مان معمول به خواب میرود.", "cover": "getty_491709432_2000133320009280332_308031-780x470.jpg", "category": 2, "author": 2, "create": "2021-04-23T09:56:41.151Z", "modify": "2021-04-23T09:56:41.151Z"}}, {"model": "main.post", "pk": 7, "fields": {"title": "رباتی که برای حل مشکلات با خودش حرف می‌زند", "content": "به گزارش خبرگزاری مهر به نقل از نیواطلس، ربات‌ها از سال قبل به دستیارهای شخصی مردم مبدل شده‌اند، اما نحوه استدلال و منطق عملکردی آنها هنوز برای کاربران عادی یک راز است.  این ربات جدید با هدف ارتقای ارتباطات و تعاملات انسان‌ها و ماشین‌ها به گونه‌ای ساخته شده که بتواند با خودش صحبت کند و از این طریق شیوه حل مشکلات را برای انسان‌ها توضیح داده و دانش افراد عادی را نیز در این زمینه بیشتر کند.  این ربات ایتالیایی که فلفل نام دارد، با همکاری شرکت ژاپنی سافت بانک ساخته شده است. سافت بانک اولین بار در سال ۲۰۱۵ رباتی ساخت که قادر به درک احساسات انسان‌ها بود و آنها را بر روی نمایشگر خود در دسترس قرار می‌داد. از این طریق کیفیت تعامل دو طرف افزایش می‌یافت.", "cover": "artificial-intelligence-illustration_132971-87.jpg", "category": 2, "author": 2, "create": "2021-04-23T09:58:54.357Z", "modify": "2021-04-23T09:58:54.357Z"}}, {"model": "main.post", "pk": 8, "fields": {"title": "شکایت مجلس از تخلفات فیلیمو، نماوا و روبیکا", "content": "به گزارش سرویس اخبار فناوری و تکنولوژی تکنا، رئیس کمیسیون اصل ۹۰ مجلس شورای اسلامی اعلام کرد دو پلتفرم اشتراک فیلم به نام های نماوا و فیلیمو و پیام رسان داخلی روبیکا در محاسبه هزینه اشتراک اینترنت کاربران دچار تخلف شده اند. به گفته حجت‌الاسلام نصرالله پژمانفر این سه پلتفرم مبلغی بیشتر از هزینه موردنظر از مشترکان دریافت کردند.  طی شکایت ارسالی به کمیسیون اصل ۹۰ در رابطه با تخلف این سه مجموعه عنوان شده است که آنها پهنای باند مورد نیاز کاربران را با ۵۰ درصد هزینه اضافه محاسبه کردند و از طرف دیگر حق اشتراک خود را به صفر رسانده بودند. هم اکنون سازمان تنظیم مقررات و ارتباطات رادیویی باید در مورد این موضوع پاسخگو باشد.", "cover": "82a659ce-10a9-4d15-b381-382edb632a1e-780x470.jpeg", "category": 2, "author": 2, "create": "2021-04-23T09:59:22.815Z", "modify": "2021-04-23T09:59:22.815Z"}}, {"model": "main.post", "pk": 9, "fields": {"title": "اطلاعیه حذف اضطراری درس", "content": "قابل توجه کلیه دانشجویان محترم   تاریخ حذف اضطراری از روز شنبه   04 /02/ 1400 لغایت چهارشنبه   1400/02/29 برای حداکثر دو درس فعال میباشد .   ******* دانشجویان کمیسیونی قادر به حذف درس نمی باشند ***********  دانشجویان متقاضی درخواست خود را در سایت دانشکده شهید شمسی پور ثبت نمایند تا مورد بررسی قرار گیرد.", "cover": "328186_1718112496_296_156.jpg", "category": 3, "author": 2, "create": "2021-04-23T10:04:22.127Z", "modify": "2021-04-23T10:04:22.127Z"}}, {"model": "main.post", "pk": 10, "fields": {"title": "قابل توجه دانشجویان ترم دوم کاردانی فناوری اطلاعات", "content": "لطفا جهت اخذ دروس آزمایشگاه سیستم عامل (کد درس7777) و کارگاه شبکه های کامپیوتری(کد درس 7775) درخواست خود را  تا تاریخ 99/12/21  در لینک فرم زیر ثبت بفرمایید. تذکر : این اطلاعیه فقط بری دانشجویان ترم دوم رشته فناوری اطلاعات صادر شده و سایر دانشجویان درخواست های خود را از طریق میز خدمت مطرح کنند.", "cover": "351892_3055055698_225_225.jpg", "category": 3, "author": 2, "create": "2021-04-23T10:05:21.109Z", "modify": "2021-04-23T10:05:21.109Z"}}, {"model": "main.post", "pk": 11, "fields": {"title": "قابل توجه دانش آموختگان گرامی", "content": "دانشکده شهید شمسی پور در نظر دارد کانون دانش ­آموختگان خود را تاسیس کند. لذا از همه­ ی دانش ­آموختگان که متقاضی عضویت در شورای مرکزی (هیات مدیره؛ بازرس و ...) همچنین متقاضی عضویت در کمیته­ های تخصصی که در آینده تشکیل خواهد شد هستند؛ خواهشمند است فرم رزومه خود را تا ساعت 24 روز جمعه 22 اسفند 1399 از طریق فرم زیر در وب سایت دانشکده شهید شمسی پور تکمیل نمایند .", "cover": "353603_3167974044_320_148.jpg", "category": 3, "author": 2, "create": "2021-04-23T10:05:53.035Z", "modify": "2021-04-23T10:05:53.035Z"}}, {"model": "main.post", "pk": 12, "fields": {"title": "قابل توجه دانشجویان گرامی اطلاعیه سمیاد", "content": "به اطلاع می رساند سامانه مدیریت یادگیری سمیاد به آدرس https://samyad.tvu.ac.ir/ آماده ارائه خدمات به دانشجویان و اساتید می باشد.  جهت دسترسی به سیستم مدیریت آموزشی سمیاد به آدرس  https://samyad.tvu.ac.ir  مراجعه و با انتخاب استان تهران و دانشکده شمسی پور وارد صفحه https://lms220.tvu.ac.ir شوید. توجه داشته باشید از لینک ترم قبل (به آدرس LMS124) استفاده نفرمائید.", "cover": "351721_2372224516_320_225.jpg", "category": 3, "author": 2, "create": "2021-04-23T10:06:28.334Z", "modify": "2021-04-23T10:06:28.334Z"}}, {"model": "main.post", "pk": 13, "fields": {"title": "ارائه بسته اینترنت ۶۰ گیگی به دانشجویان", "content": "به گزارش خبرگزاری مهر به نقل از وزارت ارتباطات، ستار هاشمی با بیان اینکه واجدان شرایط دریافت بسته‌های اینترنت ۶۰ گیگابایتی، ۶ ماه فرصت دارند تا از آن استفاده کنند، گفت: دانشجویان خارجی و افراد نخبه زیر ۱۸ سال نیز مشمول این طرح می‌شوند. با توجه به این‌که تعدادی از دانشجویان خارجی در مراکز دانشگاهی و حوزوی کشور در حال تحصیل هستند بنابراین فعال‌سازی بسته‌های آنها پس از اخذ تأییدیه و ارائه اطلاعات لازم از سوی نهاد متولی، انجام و در حساب کاربری آن‌ها (روی شماره موبایل اعلامی) درج می‌شود. بنابراین این دانشجویان، در این مرحله نیازی به ثبت‌نام از طریق سامانه ندارند.", "cover": "w.jpg", "category": 4, "author": 2, "create": "2021-04-23T10:12:13.888Z", "modify": "2021-04-23T10:12:13.888Z"}}, {"model": "main.post", "pk": 14, "fields": {"title": "اختصاص بیش از ۱۰ درصد بودجه آموزش عالی به پژوهش", "content": "به گزارش خبرنگار مهر، غلامحسین رحیمی شعرباف عصر چهارشنبه در این خصوص، اظهار کرد: همه دستگاه‌هایی که از بودجه دولتی استفاده می‌کنند باید ۴۰ درصد اعتبارات تحقیقاتی خود را از طریق دانشگاه‌ها و پژوهشگاه‌ها هزینه کنند که در مجموع اعتبار خوبی است.  وی افزود: امسال در جذب این بودجه جهش خوبی اتفاق افتاد که مجموع اعتبارات باقی مانده حدود ۲۱۰ میلیارد تومان بود که مخصوص تحقیقات است.  معاون پژوهشی وزارت علوم، تحقیقات و فناوری هدف از سفر خود به خوزستان را ارزیابی شرایط آموزشگاه‌های عالی خوزستان اعلام کرد و افزود: در همه شهرهای این استان دانشگاه‌هایی مثل دانشگاه آزاد، پیام نور، فنی و حرفه‌ای و علمی و کاربردی وجود دارد که این مراکز باید ساماندهی شوند.", "cover": "3630054.jpg", "category": 4, "author": 2, "create": "2021-04-23T10:13:16.930Z", "modify": "2021-04-23T10:13:16.930Z"}}, {"model": "main.post", "pk": 15, "fields": {"title": "نظام‌نامه آموزش الکترونیکی به دانشگاه‌ها ابلاغ شد", "content": "به گزارش خبرنگار مهر، معاونت آموزشی وزارت علوم، تحقیقات و فناوری با همراهی جمعی از صاحب‌نظران دانشگاهی، نظام‌نامه آموزش الکترونیکی را برای سال‌های ۱۴۰۰ تا ۱۴۰۳ تدوین و ابلاغ کرد.  در مقدمه این نظام‌نامه که با همکاری کارگروه تخصصی آموزش‌های الکترونیکی وزارت علوم، تحقیقات و فناوری تهیه شده چنین آمده است:  با اتکا به تجارب انباشته در پی شیوع بیماری کووید -۱۹ در ایران و دیگر کشورهای جهان و افق گشوده‌شده در کاربست آموزش‌های الکترونیکی در نظام آموزش عالی، در مسیر تسهیل و بازنگری در مقررات آموزشی برای توسعه آموزش‌های الکترونیکی، نظامنامه آموزش الکترونیکی اصول کلی حاکم در این حوزه را بیان می‌دارد.", "cover": "s.jpg", "category": 4, "author": 2, "create": "2021-04-23T10:14:41.023Z", "modify": "2021-04-23T10:14:41.023Z"}}, {"model": "main.post", "pk": 16, "fields": {"title": "مناسب‌سازی فضای دانشگاهها برای معلولان", "content": "به گزارش خبرگزاری مهر به نقل از وزارت علوم، جمشید اسماعیلی، در وبینار مناسب‌سازی کالبدی مراکز آموزش عالی برای افراد معلول و کم‌توان جسمی حرکتی که امروز (دوشنبه) در محل سالن شهدای جهاد علمی برگزار شد.  اسماعیلی در این وبینار با اشاره به ماده ۲ قانون حمایت از حقوق افراد دارای معلولیت گفت: کلیه وزارتخانه‌ها، سازمان‌ها، شرکت‌های دولتی، نهادهای عمومی موظف هستند در طراحی، تولید، احداث ساختمان‌ها و اماکن عمومی و معابر به نحوی عمل کنند که امکان دسترسی و بهره‌مندی از آن برای افراد دارای معلولیت همچون سایر افراد فراهم شود.  وی در خصوص اهمیت پرداختن به مبحث مناسب‌سازی فضاها برای معلولین اظهار داشت: وزارت علوم عضو ستاد هماهنگی و پیگیری مناسب‌سازی کشور است و مسئولیت پیاده‌سازی تصمیمات این ستاد در دانشگاه‌ها را دارد، زیرا فرد معلول بایستی امکاناتی داشته باشد تا انگیزه او را تقویت کند و معلولانی که در دانشگاه حضور دارند دارای توانمندی‌های ویژه و ثابت شده‌ای هستند که بسیاری از افراد خارج از دانشگاه از آن برخوردار نیستند.", "cover": "shutterstock_557053198.jpg", "category": 4, "author": 2, "create": "2021-04-23T10:15:57.572Z", "modify": "2021-04-23T10:15:57.572Z"}}, {"model": "main.post", "pk": 17, "fields": {"title": "فناوری ریتم شبانه‌روزی انسان را تغییر می‌دهد", "content": "از زمان اختراع لامپ حبابی در سال ۱۸۷۹، وابستگی انسان به نور طبیعی خورشید از بین رفت. امروزه، بسیاری از افراد زمان زیادی از روز را در اتاق‌هایی با نور مصنوعی می‌گذرانند و به صفحه‌نمایش‌هایی مثل صفحه‌نمایش تلفن‌همراه و کامپیوتر و تلویزیون خیره می‌شوند. اخیرا نگرانی‌ها بابت صفحه‌نمایش‌ها و تأثیر آن‌ها بر ریتم شبانه‌روزی افزایش یافته است. ریتم شبانه‌روزی مانند ساعتی برای تنظیم چرخه‌ی خواب و بیداری عمل می‌کند.  خیره‌شدن به صفحه‌نمایش‌ها مثل صفحه‌نمایش گوشی قبل از خواب می‌تواند خواب را مختل کند. محصولات متعددی مثل فیلترهای نور آبی صفحه‌نمایش وجود دارند که کیفیت خواب را بهبود می‌دهند؛ اما‌ آیا این محصولات واقعات تأثیرگذارند؟ آیا تغییر نور صفحه‌نمایش ریتم شبانه‌روزی را تغییر می‌دهد یا به‌خواب‌رفتن را دشوارتر می‌کند؟ این ماجرا بسیار پیچیده است.", "cover": "circadian-rythms.jpg", "category": 5, "author": 2, "create": "2021-04-23T10:20:25.233Z", "modify": "2021-04-23T10:20:25.233Z"}}, {"model": "main.post", "pk": 18, "fields": {"title": "مواد غذایی مفید در دوران کرونا", "content": "داشتن یک رژیم غذایی سالم در طول کرونا بسیار مهم است. آنچه می‌خوریم و می‌نوشیم می‌تواند بر توانایی بدن ما در جلوگیری یا مبارزه و بهبود یافتن از عفونت‌ها تأثیر بگذارد. هیچ ماده‌ی غذایی یا مکمل غذایی نمی‌تواند به‌طور قطعی از ویروس کرونا جلوگیری یا آن را درمان کندِ؛ اما نباید از رژیم‌های غذایی سالم برای حمایت از سیستم ایمنی بدن غافل شد.  تغذیه مناسب می‌تواند احتمال بروز سایر مشکلات سلامتی از جمله چاقی، بیماری‌های قلبی، دیابت و برخی از انواع سرطان را کاهش بدهد که این‌ها به نوبه‌ی خود، در مبتلا نشدن به بیماری‌های خطرناکی مانند کرونا نقشی مهم دارند.  با شیوع ویروس کرونا و ابتلای بسیاری از افراد در سرتاسر دنیا به این ویروس، سؤالات بسیاری در زمینه‌ی رژیم غذایی برای بیماران کرونایی مطرح شده است. بسیاری از افراد تمایل دارند بدانند در دوران ابتلا به ویروس کرونا، استفاده از کدام مواد غذایی امن و کدام‌ یک امن نیست؟ چگونه باید استفاده از مواد غذایی در دوران ابتلا به این ویروس را مدیریت کرد؟", "cover": "food-nutrition-tips-during-self-quarantine.webp", "category": 5, "author": 2, "create": "2021-04-23T10:21:18.388Z", "modify": "2021-04-23T10:21:18.389Z"}}, {"model": "main.post", "pk": 19, "fields": {"title": "اجسام را با نوع خاصی از امواج نور «نامرئی» می‌کند", "content": "دانشمندان موفق شده‌اند راهکاری عجیب برای «نامرئی‌ کردن» اجسام جامد ارائه بدهند: عبور دادن امواج نور از داخل اجسام مات،‌ به‌ شکلی که انگار جسم مات اصلا در آن ناحیه حضور ندارد. دلیل مرئی بودن اجسام، پراکنده شدن امواج نور، برخورد به اجسام و بازگشت آن‌ها به چشم انسان است؛ این یعنی عملا اگر نوری که به جسم تابیده می‌شود به چشم ما بازنگردد، آن جسم را نخواهیم دید.  آن‌طور که The Independent می‌نویسد، دانشمندان دانشگاه فناوری وین و دانشگاه اوترخت توانسته‌اند نوع خاصی از امواج نور که توانایی نفوذ در اجسام دارد، اندازه‌گیری کنند. ممکن است با خود فکر کنید تمام امواج نور مثل هم هستند؛ اما حقیقت چیز دیگری است. پروفسور استفان راتر، از اعضای مؤسسه‌ی فیزیک نظری دانشگاه فناوری وین، توضیح می‌دهد: «وقتی الگوهای امواج نور را به درون محیطی بی‌نظم می‌فرستید، هر  موج به شکل بسیار خاصی تغییر می‌یابد و منعکس می‌شود.»", "cover": "light-scattering-solid-powder-other-side-graphic-illustration.webp", "category": 5, "author": 2, "create": "2021-04-23T10:22:00.794Z", "modify": "2021-04-23T10:22:00.794Z"}}, {"model": "main.post", "pk": 20, "fields": {"title": "افراد به‌طور عمدی دوباره به کووید ۱۹ آلوده می‌شوند", "content": "در مطالعات چالش انسانی، افرادی که در معرض خطر پایین پیامدهای جدی هستند، در محیط آزمایشگاهی کنترل‌شده به‌طور عمدی در معرض عامل بیماری‌زا قرار داده می‌شوند. اوایل سال جاری، پژوهشگرانی در بریتانیا مطالعات چالشی را در مورد افرادی که به کووید ۱۹ آلوده نشده بودند، شروع کردند و آن‌ها را عمداً در معرض مقادیر بسیار اندکی از ویروس کرونای جدید SARS-CoV-2 قرار دادند.", "cover": "researcher.webp", "category": 5, "author": 2, "create": "2021-04-23T10:22:30.054Z", "modify": "2021-04-23T10:22:30.054Z"}}, {"model": "main.post", "pk": 21, "fields": {"title": "۷۴ موسسه تحقیقاتی ایران در بین موثرترین های دنیا", "content": "به گزارش خبرگزاری مهر به نقل از پایگاه استنادی علوم جهان اسلام (ISC)، دکتر محمدجواد دهقانی سرپرست ISC گفت: پایگاه شاخص‌های اساسی علم (ESI) متعلق به شرکت کلاریویت آنالتیکس (ISI) آخرین فهرست موسسات یک درصد برتر دنیا که بیشترین تعداد استنادها را در طول ۱۰ سال گذشته دریافت کرده اند را منتشر و بطور مداوم به روزرسانی می کند.  وی افزود: این دانشگاه‌ها و مراکز تحقیقاتی در سطح دنیا از لحاظ تعداد استنادهای دریافتی در مجموع موسسات یک درصد برتر قرار گرفته اند. استنادها در دنیای علم بیانگر کیفیت تولیدات علمی هستند. بنابراین، علت افزایش تعداد این مراکز، افزایش کیفیت تحقیقات کشور است.", "cover": "2478966.jpg", "category": 6, "author": 2, "create": "2021-04-23T10:23:27.227Z", "modify": "2021-04-23T10:24:50.717Z"}}, {"model": "main.post", "pk": 22, "fields": {"title": "کارگاه رتبه‌بندی کتابخانه های دانشگاهی برگزار می‌شود", "content": "به گزارش خبرگزاری مهر به نقل از پژوهشگاه علوم و فناوری اطلاعات ایران، نام‌نویسی نخستین کارگاه مجازی آشنایی با آمار کتابخانه‌ها و رتبه‌بندی آن آغاز شده است. این کارگاه هشتم دی ماه به صورت رایگان برای علاقه‌مندان برگزار می شود.  این کارگاه برای آشنایی بیشتر کتابداران، مدیران و کارشناسان کتابخانه‌های دانشگاهی، تخصصی، صنعتی، حقوقی، پزشکی، حوزوی، مدرسه‌ای، عمومی، و ملی با آمار و رتبه‌بندی کتابخانه‌ها برگزار و به حاضران در کارگاه، گواهی ارائه خواهد شد.", "cover": "library_drawing_bookshelves_librarian_chairs_icons_6833563.jpg", "category": 6, "author": 2, "create": "2021-04-23T10:25:54.112Z", "modify": "2021-04-23T10:25:54.112Z"}}, {"model": "main.post", "pk": 23, "fields": {"title": "نشست های تخصصی بررسی مشکلات فنی آموزش مجازی", "content": "به گزارش خبرنگار مهر، علی اکبر صفوی اعلام کرد: نشست‌های تخصصی رویداد میز تکنولوژی در دو روز ۲۶ و ۲۷ آذرماه ۱۳۹۹از ساعت ۱۰ الی ۱۳ بصورت برخط برگزار می‌گردد.   وی ادامه داد: در این نشست‌ها که با حضور تعدادی از شرکت‌های پیشرو و نیز برخی از معاونین آموزشی دانشگاه‌ها، مدیران آموزش الکترونیکی دانشگاه‌ها، و جمعی از  متخصصین برگزار می‌شود به تحلیل نیازمندی و پاسخگویی به سوالات و مشکلات مطرح شده از طرف مخاطبین پرداخته می‌شود.    مدیر کارگروه آموزش عالی الکترونیکی وزارت علوم با اشاره به برنامه رویداد میز تکنولوژی افزود: برنامه روز اول با محور زیرساخت نرم افزاری، سخت افزار و شبکه ارتباطی، چهارشنبه ۲۶ آذرماه از ساعت ۱۰ الی ۱۳ بصورت برخط برگزار می شود.", "cover": "online-learning-program-1024x595.jpg", "category": 6, "author": 2, "create": "2021-04-23T10:27:32.784Z", "modify": "2021-04-23T10:27:32.784Z"}}, {"model": "main.post", "pk": 24, "fields": {"title": "امروز پایان مهلت ثبت نام جذب اعضای هیات علمی دانشگاه ها", "content": "به گزارش خبرنگار مهر، برنامه زمانبندی بیست و چهارمین فراخوان نیمه متمرکز جذب اعضای هیأت علمی (پیمانی و طرح سربازی) دانشگاه‌ها و مؤسسات آموزش عالی و پژوهشی کشور مربوط به فراخوان شهریور ۹۹ اعلام شد.  بر اساس این فراخوان، دانشگاه‌ها و مراکز آموزش عالی از شنبه ۱۵ شهریورماه تا ۷ مهرماه ۹۹ فرصت داشتند، اعلام نیاز کنند، بررسی اعلام نیاز دانشگاه‌ها و مراکز آموزش عالی و تخصیص ظرفیت توسط مرکز نظارت از ۱۹ مهرماه ۹۹ آغاز و تا ۳۰ مهر ماه ۹۹ ادامه داشت.  دانشگاه‌ها و مراکز آموزش عالی از ۳ آبان ۹۹ الی ۹ آبان ۹۹ برای تطبیق نیاز با تاییدیه مرکز نظارت فرصت داشتند.", "cover": "3169436.jpg", "category": 6, "author": 2, "create": "2021-04-23T10:28:01.804Z", "modify": "2021-04-23T10:28:01.804Z"}}, {"model": "main.video", "pk": 1, "fields": {"title": "آموزش ساخت بنر تبلیغاتی گیف", "desc": "پروژه درس آزمایشگاه گرافیک - استاد محمد مهدی آهنگری دانشگاه شهید شمسی پور", "content_url": "https://aspb19.cdn.asset.aparat.com/aparat-video/e47d0c406083cfeb610769411d2abb6c22686150-480p.mp4", "category": 1, "author": 2, "create": "2021-04-23T16:53:18.374Z", "modify": "2021-04-23T16:53:18.374Z", "thumbnail": "facebook-ads-cost-blog-1280x720.jpg"}}, {"model": "main.video", "pk": 2, "fields": {"title": "آموزش ساخت اسپیکر کوچک", "desc": "آموزش ساخت اسپیکر کوچک با مدار کوچک وقوی", "content_url": "https://hw20.cdn.asset.aparat.com/aparat-video/f17ec57b1187c62c3e4415eb3222c32332530540-360p.mp4", "category": 5, "author": 2, "create": "2021-04-23T16:56:18.352Z", "modify": "2021-04-23T16:56:18.352Z", "thumbnail": "maxresdefault.jpg"}}, {"model": "main.video", "pk": 3, "fields": {"title": "استخراج ابری دوج کوین", "desc": "استخراج ابری رایگان ارز دیجیتال دوج کوین", "content_url": "https://hajifirouz3.cdn.asset.aparat.com/aparat-video/9ae2f8f18fe35ceeb63f0cfc597f0cba32279372-480p.mp4", "category": 1, "author": 2, "create": "2021-04-23T16:59:14.063Z", "modify": "2021-04-23T16:59:14.063Z", "thumbnail": "concept-cryptocurrency-technology-graphic-dogecoin-with-futuristic-element_46706-1014.jpg"}}, {"model": "main.video", "pk": 4, "fields": {"title": "چند نکته درباره جرایم سایبری", "desc": "در این ویدیو میخواهیم چند نکته درباره جرایم سایبری را به شما نشان دهیم", "content_url": "https://hw20.cdn.asset.aparat.com/aparat-video/b3600928850e3677a9d0d496efe2754532538000-480p.mp4", "category": 5, "author": 2, "create": "2021-04-23T17:01:10.316Z", "modify": "2021-04-23T17:01:10.316Z", "thumbnail": "character-illustration-people-with-cyber-crime-icons_53876-43076.jpg"}}, {"model": "main.video", "pk": 5, "fields": {"title": "ده ترفند فیلم برداری با موبایل", "desc": "ده ترفند آموزش فیلم برداری با گوشی", "content_url": "https://as5.cdn.asset.aparat.com/aparat-video/068eb3c4117358438d58b927de159c7332524263-480p.mp4", "category": 1, "author": 2, "create": "2021-04-23T17:02:45.156Z", "modify": "2021-04-23T17:02:45.157Z", "thumbnail": "sddefault.jpg"}}, {"model": "main.video", "pk": 6, "fields": {"title": "همه چیز درباره بیت کوین", "desc": "بیت کوین چیست؟ آموزش استخراج بیت کوین", "content_url": "https://hajifirouz3.cdn.asset.aparat.com/aparat-video/3cc9e19f892c9004f75e466e7ab2159232426108-360p.mp4", "category": 5, "author": 2, "create": "2021-04-23T17:03:57.097Z", "modify": "2021-04-23T17:03:57.097Z", "thumbnail": "preview_3324305.jpg"}}]